{
  "swagger" : "2.0",
  "info" : {
    "description" : "JAXRS RESTEasy Demo",
    "version" : "1.0.0",
    "title" : "Company Demo"
  },
  "host" : "localhost:8080",
  "basePath" : "/company/rest",
  "tags" : [ {
    "name" : "companies"
  } ],
  "schemes" : [ "http" ],
  "paths" : {
    "/companies" : {
      "get" : {
        "tags" : [ "companies" ],
        "operationId" : "listAll",
        "parameters" : [ ],
        "responses" : {
          "200" : {
            "description" : "successful operation",
            "schema" : {
              "type" : "array",
              "items" : {
                "$ref" : "#/definitions/Company"
              }
            },
            "headers" : { }
          }
        }
      },
      "post" : {
        "tags" : [ "companies" ],
        "summary" : "Create company",
        "description" : "",
        "operationId" : "create",
        "consumes" : [ "application/json" ],
        "produces" : [ "application/json" ],
        "parameters" : [ {
          "in" : "body",
          "name" : "body",
          "description" : "Company",
          "required" : true,
          "schema" : {
            "$ref" : "#/definitions/Company"
          }
        } ],
        "responses" : {
          "200" : {
            "description" : "successful operation",
            "schema" : {
              "$ref" : "#/definitions/Company"
            }
          }
        }
      }
    },
    "/companies/owner/{id}" : {
      "post" : {
        "tags" : [ "companies" ],
        "operationId" : "addOwner",
        "parameters" : [ {
          "name" : "id",
          "in" : "path",
          "required" : true,
          "type" : "integer",
          "pattern" : "[0-9][0-9]*",
          "format" : "int64"
        }, {
          "in" : "body",
          "name" : "body",
          "required" : false,
          "schema" : {
            "$ref" : "#/definitions/Person"
          }
        } ],
        "responses" : {
          "default" : {
            "description" : "successful operation"
          }
        }
      }
    },
    "/companies/{id}" : {
      "get" : {
        "tags" : [ "companies" ],
        "operationId" : "findById",
        "parameters" : [ {
          "name" : "id",
          "in" : "path",
          "required" : true,
          "type" : "integer",
          "pattern" : "[0-9][0-9]*",
          "format" : "int64"
        } ],
        "responses" : {
          "default" : {
            "description" : "successful operation"
          }
        }
      },
      "put" : {
        "tags" : [ "companies" ],
        "operationId" : "update",
        "parameters" : [ {
          "name" : "id",
          "in" : "path",
          "required" : true,
          "type" : "integer",
          "pattern" : "[0-9][0-9]*",
          "format" : "int64"
        }, {
          "in" : "body",
          "name" : "body",
          "required" : false,
          "schema" : {
            "$ref" : "#/definitions/Company"
          }
        } ],
        "responses" : {
          "default" : {
            "description" : "successful operation"
          }
        }
      },
      "delete" : {
        "tags" : [ "companies" ],
        "operationId" : "deleteById",
        "parameters" : [ {
          "name" : "id",
          "in" : "path",
          "required" : true,
          "type" : "integer",
          "pattern" : "[0-9][0-9]*",
          "format" : "int64"
        } ],
        "responses" : {
          "default" : {
            "description" : "successful operation"
          }
        }
      }
    }
  },
  "definitions" : {
    "Company" : {
      "type" : "object",
      "required" : [ "address", "city", "country", "employee", "name", "owner" ],
      "properties" : {
        "id" : {
          "type" : "integer",
          "format" : "int64",
          "description" : "Company's id"
        },
        "name" : {
          "type" : "string",
          "description" : "Company's name",
          "minLength" : 1,
          "maxLength" : 200
        },
        "address" : {
          "type" : "string",
          "description" : "Company's address",
          "minLength" : 1,
          "maxLength" : 150
        },
        "city" : {
          "type" : "string",
          "description" : "Company's city",
          "minLength" : 1,
          "maxLength" : 20
        },
        "country" : {
          "type" : "string",
          "description" : "Company's country",
          "minLength" : 1,
          "maxLength" : 20
        },
        "email" : {
          "type" : "string",
          "description" : "Company's email",
          "minLength" : 0,
          "maxLength" : 20
        },
        "telephone" : {
          "type" : "string",
          "description" : "Company's telephone",
          "minLength" : 0,
          "maxLength" : 20
        },
        "employee" : {
          "type" : "array",
          "description" : "Company's list of emmployees",
          "items" : {
            "$ref" : "#/definitions/Person"
          }
        },
        "owner" : {
          "type" : "array",
          "description" : "Company's list of onwers",
          "items" : {
            "$ref" : "#/definitions/Person"
          }
        }
      },
      "description" : "Company model representation"
    },
    "Person" : {
      "type" : "object",
      "properties" : {
        "firstName" : {
          "type" : "string",
          "description" : "Person's first name"
        },
        "lastName" : {
          "type" : "string",
          "description" : "Person's last name"
        }
      }
    }
  }
}