<?xml version="1.0" encoding="utf-8"?>
<!--
  ~ Copyright 2013 Google Inc.
  ~
  ~ Licensed under the Apache License, Version 2.0 (the "License");
  ~ you may not use this file except in compliance with the License.
  ~ You may obtain a copy of the License at
  ~
  ~     http://www.apache.org/licenses/LICENSE-2.0
  ~
  ~ Unless required by applicable law or agreed to in writing, software
  ~ distributed under the License is distributed on an "AS IS" BASIS,
  ~ WITHOUT WARRANTIES OR CONDITIONS OF ANY KIND, either express or implied.
  ~ See the License for the specific language governing permissions and
  ~ limitations under the License.
  -->

<appengine-web-app xmlns="http://appengine.google.com/ns/1.0">
  <application>gae-angular-guestbook</application>
  <version>${appengine.app.version}</version>
  <threadsafe>true</threadsafe>

  <system-properties>
    <property name="java.util.logging.config.file" value="WEB-INF/logging.properties" />
  </system-properties>
</appengine-web-app>
