<beans xmlns="http://www.springframework.org/schema/beans"
	xmlns:xsi="http://www.w3.org/2001/XMLSchema-instance"
	xmlns:tx="http://www.springframework.org/schema/tx"
	xmlns:aop="http://www.springframework.org/schema/aop"
	xmlns:context="http://www.springframework.org/schema/context"
	xmlns:cxf="http://cxf.apache.org/core"
    xmlns:jaxws="http://cxf.apache.org/jaxws"
    xmlns:jaxrs="http://cxf.apache.org/jaxrs"
    xmlns:jdbc="http://www.springframework.org/schema/jdbc"
	xsi:schemaLocation="
		http://www.springframework.org/schema/beans http://www.springframework.org/schema/beans/spring-beans-3.0.xsd
		http://www.springframework.org/schema/tx http://www.springframework.org/schema/tx/spring-tx.xsd
		http://www.springframework.org/schema/context http://www.springframework.org/schema/context/spring-context-3.0.xsd
		http://www.springframework.org/schema/aop http://www.springframework.org/schema/aop/spring-aop-2.0.xsd
		http://www.springframework.org/schema/jdbc http://www.springframework.org/schema/jdbc/spring-jdbc-3.0.xsd
		http://cxf.apache.org/core http://cxf.apache.org/schemas/core.xsd
        http://cxf.apache.org/jaxws http://cxf.apache.org/schemas/jaxws.xsd
        http://cxf.apache.org/jaxrs http://cxf.apache.org/schemas/jaxrs.xsd">
        
    <context:annotation-config/>
    
    <import resource="classpath:META-INF/cxf/cxf.xml" />
    <import resource="classpath:META-INF/cxf/cxf-servlet.xml" />

	<!-- Spring Bean configuration -->
	<bean id="manifestUtilBean" class="com.camriley.util.ManifestUtilBean" />
	<bean id="manifestService" class="com.camriley.service.ManifestService" />

	<bean id="accountService" class="com.camriley.service.AccountService" />
	<bean id="accountIntegrationBean" class="com.camriley.integration.AccountIntegrationBean" />

	<!-- Service Configuration -->
    <jaxrs:server id="restManifestService" address="/manifest">
		<jaxrs:serviceBeans>
			<ref bean="manifestService" />
		</jaxrs:serviceBeans>
		<jaxrs:providers>
			<bean class="org.codehaus.jackson.jaxrs.JacksonJsonProvider" /> <!-- so we can serialize/deserialize Maps, Lists, etc -->
		</jaxrs:providers>
		<jaxrs:extensionMappings>
			<entry key="json" value="application/json" />
		</jaxrs:extensionMappings>
	</jaxrs:server>
    <jaxrs:server id="restAccountService" address="/account">
		<jaxrs:serviceBeans>
			<ref bean="accountService" />
		</jaxrs:serviceBeans>
		<jaxrs:providers>
			<bean class="org.codehaus.jackson.jaxrs.JacksonJsonProvider" /> <!-- so we can serialize/deserialize Maps, Lists, etc -->
		</jaxrs:providers>
		<jaxrs:extensionMappings>
			<entry key="json" value="application/json" />
		</jaxrs:extensionMappings>
	</jaxrs:server>


	<!-- Database configuration -->
	<jdbc:embedded-database id="embeddedDatasource" type="HSQL">
		<jdbc:script location="classpath:schema.sql"/>
	</jdbc:embedded-database>
</beans>