<?xml version="1.0" encoding="UTF-8"?>
<beans xmlns="http://www.springframework.org/schema/beans"
       xmlns:xsi="http://www.w3.org/2001/XMLSchema-instance"
       xmlns:tx="http://www.springframework.org/schema/tx"
       xmlns:jpa="http://www.springframework.org/schema/data/jpa"
       xmlns:jdbc="http://www.springframework.org/schema/jdbc"
       xsi:schemaLocation="http://www.springframework.org/schema/beans http://www.springframework.org/schema/beans/spring-beans.xsd
		http://www.springframework.org/schema/tx http://www.springframework.org/schema/tx/spring-tx.xsd
		http://www.springframework.org/schema/data/jpa http://www.springframework.org/schema/data/jpa/spring-jpa.xsd
		http://www.springframework.org/schema/jdbc http://www.springframework.org/schema/jdbc/spring-jdbc-3.0.xsd">

    <jpa:repositories base-package="ch.bfh.swos.bookapp.repository"/>

    <!-- *** Datasource *** -->
    <bean id="dataSource" class="org.springframework.jdbc.datasource.DriverManagerDataSource">
        <property name="driverClassName" value="org.h2.Driver"/>
        <property name="url" value="jdbc:h2:~/bookappDB;AUTO_SERVER=TRUE"/>
        <property name="username" value="bfh"/>
        <property name="password" value="bfh"/>
    </bean>

    <!-- *** EntityManagerFactory *** -->
    <bean id="emf"
          class="org.springframework.orm.jpa.LocalContainerEntityManagerFactoryBean">
        <property name="persistenceUnitName" value="ch.bfh.swos.bookapp.domain"/>
        <property name="dataSource" ref="dataSource"/>
        <property name="jpaVendorAdapter">
            <bean
                    class="org.springframework.orm.jpa.vendor.EclipseLinkJpaVendorAdapter">
                <property name="database" value="H2"/>
            </bean>
        </property>
        <property name="jpaProperties">
            <props>
                <prop key="eclipselink.weaving">static</prop>
                <prop key="eclipselink.ddl-generation">create-or-extend-tables</prop>
                <prop key="eclipselink.ddl-generation.output-mode">database</prop>
            </props>
        </property>
    </bean>

    <jdbc:initialize-database data-source="dataSource" enabled="true" ignore-failures="ALL">
        <jdbc:script location="classpath:import.sql"/>
    </jdbc:initialize-database>

    <!-- *** Transaction Manager *** -->
    <bean id="transactionManager" class="org.springframework.orm.jpa.JpaTransactionManager">
        <property name="entityManagerFactory" ref="emf"/>
    </bean>
    <tx:annotation-driven/>

</beans>
