<project xmlns="http://maven.apache.org/POM/4.0.0" xmlns:xsi="http://www.w3.org/2001/XMLSchema-instance" xsi:schemaLocation="http://maven.apache.org/POM/4.0.0 http://maven.apache.org/maven-v4_0_0.xsd">
    <modelVersion>4.0.0</modelVersion>
    <groupId>io.swagger</groupId>
    <artifactId>sample-project</artifactId>
    <packaging>jar</packaging>
    <version>1.0-SNAPSHOT</version>
    <name>sample-project</name>
    <url>http://maven.apache.org</url>
    <build>
        <plugins>
            <!-- activate the plugin -->
            <plugin>
                <groupId>io.swagger</groupId>
                <artifactId>swagger-codegen-maven-plugin</artifactId>
                <version>2.1.5-SNAPSHOT</version>
                <executions>
                    <execution>
                        <goals>
                            <goal>generate</goal>
                        </goals>
                        <configuration>
                            <!-- specify the swagger yaml -->
                            <inputSpec>swagger.yaml</inputSpec>

                            <!-- target to generate -->
                            <language>java</language>

                            <!-- pass any necessary config options -->
                            <configOptions>
                                <dateLibrary>java8</dateLibrary>
                            </configOptions>

                            <!-- override the default library to jersey2 -->
                            <library>jersey2</library>
                        </configuration>
                    </execution>
                </executions>
            </plugin>
        </plugins>
    </build>
    <dependencies>
        <!-- dependencies are needed for the client being generated -->
        <dependency>
            <groupId>io.swagger</groupId>
            <artifactId>swagger-annotations</artifactId>
            <version>${swagger-annotations-version}</version>
        </dependency>

        <!-- HTTP client: jersey-client -->
        <dependency>
            <groupId>org.glassfish.jersey.core</groupId>
            <artifactId>jersey-client</artifactId>
            <version>${jersey-version}</version>
        </dependency>
        <dependency>
            <groupId>org.glassfish.jersey.media</groupId>
            <artifactId>jersey-media-multipart</artifactId>
            <version>${jersey-version}</version>
        </dependency>
        <dependency>
            <groupId>org.glassfish.jersey.media</groupId>
            <artifactId>jersey-media-json-jackson</artifactId>
            <version>2.22.1</version>
        </dependency>

        <!-- JSON processing: jackson -->
        <dependency>
            <groupId>com.fasterxml.jackson.core</groupId>
            <artifactId>jackson-core</artifactId>
            <version>${jackson-version}</version>
        </dependency>
        <dependency>
            <groupId>com.fasterxml.jackson.core</groupId>
            <artifactId>jackson-annotations</artifactId>
            <version>${jackson-version}</version>
        </dependency>
        <dependency>
            <groupId>com.fasterxml.jackson.core</groupId>
            <artifactId>jackson-databind</artifactId>
            <version>${jackson-version}</version>
        </dependency>
        <dependency>
            <groupId>com.fasterxml.jackson.datatype</groupId>
            <artifactId>jackson-datatype-joda</artifactId>
            <version>2.1.5</version>
        </dependency>
        <dependency>
            <groupId>joda-time</groupId>
            <artifactId>joda-time</artifactId>
            <version>${jodatime-version}</version>
        </dependency>

        <!-- Base64 encoding that works in both JVM and Android -->
        <dependency>
            <groupId>com.brsanthu</groupId>
            <artifactId>migbase64</artifactId>
            <version>2.2</version>
        </dependency>
        <!-- test dependencies -->
        <dependency>
            <groupId>junit</groupId>
            <artifactId>junit</artifactId>
            <version>${junit-version}</version>
            <scope>test</scope>
        </dependency>
    </dependencies>
    <properties>
        <swagger-annotations-version>1.5.0</swagger-annotations-version>
        <jersey-version>2.12</jersey-version>
        <jackson-version>2.4.2</jackson-version>
        <jodatime-version>2.3</jodatime-version>
        <maven-plugin-version>1.0.0</maven-plugin-version>
        <junit-version>4.8.1</junit-version>
    </properties>
</project>