<?xml version="1.0" encoding="UTF-8"?>
<beans xmlns="http://www.springframework.org/schema/beans"
       xmlns:xsi="http://www.w3.org/2001/XMLSchema-instance"
       xsi:schemaLocation="
http://www.springframework.org/schema/beans http://www.springframework.org/schema/beans/spring-beans-2.5.xsd">

	<bean id="grailsApplication" class="org.codehaus.groovy.grails.commons.GrailsApplicationFactoryBean">
		<description>Grails application factory bean</description>
		<property name="grailsDescriptor" value="/WEB-INF/grails.xml" />
		<property name="grailsResourceLoader" ref="grailsResourceLoader" />
	</bean>

	<bean id="pluginManager" class="org.codehaus.groovy.grails.plugins.GrailsPluginManagerFactoryBean">
		<description>A bean that manages Grails plugins</description>
		<property name="grailsDescriptor" value="/WEB-INF/grails.xml" />
		<property name="application" ref="grailsApplication" />
	</bean>

	<bean id="grailsConfigurator" class="org.codehaus.groovy.grails.commons.spring.GrailsRuntimeConfigurator">
		<constructor-arg>
			<ref bean="grailsApplication" />
		</constructor-arg>
		<property name="pluginManager" ref="pluginManager" />
	</bean>

  <!-- this scans the classes for resources -->
  <bean id="swaggerConfig" class="io.swagger.jaxrs.config.BeanConfig">
    <property name="resourcePackage" value="io.swagger.sample.resource"/>
    <property name="version" value="1.0.0"/>
    <property name="basePath" value="http://localhost:8080/java-grails2/api"/>
    <property name="title" value="Petstore sample app"/>
    <property name="description" value="This is a app."/>
    <property name="contact" value="apiteam@swagger.io"/>
    <property name="license" value="Apache 2.0 License"/>
    <property name="licenseUrl" value="http://www.apache.org/licenses/LICENSE-2.0.html"/>
    <property name="scan" value="true"/>
  </bean>

	<bean id="grailsResourceLoader" class="org.codehaus.groovy.grails.commons.GrailsResourceLoaderFactoryBean" />

	<bean id="characterEncodingFilter" class="org.springframework.web.filter.CharacterEncodingFilter">
		<property name="encoding">
			<value>utf-8</value>
		</property>
	</bean>
</beans>